Monomer;mmol/gDW;Percentage (mol/mol)
A;0.4197937548160553;0.09792529637135514
C;0.04398520290851593;0.010257240197992606
D;0.23328077793121338;0.05443119812795078
E;0.2723386585712433;0.063540459678661
F;0.15807537734508514;0.03686907584664959
G;0.32711461186408997;0.07631196748068907
H;0.09451387077569962;0.022046786037477527
I;0.2531566023826599;0.059032442113403756
K;0.2112586349248886;0.049263113300585096
L;0.4314539134502411;0.10060879655701237
M;0.12030308693647385;0.028051939819351272
N;0.16464760899543762;0.03841126911184079
P;0.18519587814807892;0.043195500147989244
Q;0.18490315973758698;0.043131664629807165
R;0.23950810730457306;0.05585951830829667
S;0.2305215746164322;0.05378204761875707
T;0.2267165184020996;0.052886310675657494
V;0.3178943693637848;0.07413515949842889
W;0.055349767208099365;0.012909941525628731
Y;0.11724856495857239;0.027349521075067863
