Monomer;mmol/gDW;Percentage (mol/mol)
A;0.01567961275577545;0.24619294703006744
T;0.015661070123314857;0.24589994549751282
G;0.016155455261468887;0.2536676526069641
C;0.016192417591810226;0.25423943996429443
