Monomer;mmol/gDW;Percentage (mol/mol)
A;0.09899643523938499;0.23375613056123257
U;0.09991139718857185;0.23596123978495598
G;0.11741212832717517;0.2772971596568823
C;0.10711989106945916;0.2529854653403163
