Monomer;mmol/gDW;Percentage (mol/mol)
A;0.09943140695976485;0.23502438329160213
U;0.09238487436021413;0.2184099368751049
G;0.1225424055217407;0.28971084021031857
C;0.10864666835188318;0.2568548349663615
